{
	"grouped": true,
	"title": "Sample Controls",
	"sections": [

        { "title":"Controls", "elements":[
            {"type":"QLabelElement", "title":"Label"},
            {"type":"QBadgeElement",  "title":"Badge", "badge":"123"},
            {"type":"QBooleanElement", "title":"Boolean", "boolValue":0},
            {"type":"QBooleanElement", "title":"Boolean", "boolValue":1},
            {"type":"QButtonElement", "title":"Button"},
            {"type":"QDateTimeInlineElement", "title":"DateTime Inline"},
            {"type":"QPickerElement", "title":"Picker1",  "items":[["Blue", "Yellow", "Green"]]},
            {"type":"QPickerElement", "title":"Picker2",  "items":[[1, 2, 3], ["Blue", "Yellow", "Green"]]},
            {"type":"QPickerElement", "title":"Picker3",  "items":[[1, 2, 3], ["Blue", "Yellow", "Green"], ["Metal","Chrome","Wood"]]},
            {"type":"QMapElement", "title":"Map", "lat":-27.59, "lng":-48.55},
            {"type":"QRadioElement", "title":"Radio", "items":["Option 1", "Option 2", "Final option"], "selected":2},
            {"type":"QTextElement",  "text":"Text Element"},
            {"type":"QWebElement",  "title":"Web", "url":"http://escoz.com"},
            {"type":"QWebElement",  "title":"HTML", "html":"<h1>Testing html content</h1><p>here's the content</p>"},
            {"type":"QTextElement", "text":"Lorem ipsum dolor sit amet, consectetur adipisicing elit, sed do eiusmod tempor incididunt ut labore et dolore magna aliqua. Ut enim ad minim veniam, quis nostrud exercitation ullamco laboris nisi ut aliquip ex ea commodo consequat. Duis aute irure dolor in reprehenderit in voluptate velit esse cillum dolore eu fugiat nulla pariatur. Excepteur sint occaecat cupidatat non proident, sunt in culpa qui officia deserunt mollit anim id est laborum."},
            {"type":"QProgressElement"},
            {"type":"QLoadingElement"},
            {"type":"QColorPickerElement"},
            {"type":"QColorPickerElement", "items":[["White", "#ffffff"], ["Light Gray", "#cccccc"], ["Gray", "#777777"], ["Dark Gray", "#444444"], ["Black", "#000000"]]}
        ]
        },
        { "title":"Entry Elements", "elements":[
            {  "type":"QEntryElement", "title":"secureTextEntry", "placeholder":"Text", "secureTextEntry":true },
            {  "type":"QEntryElement", "title":"enablesReturnKey", "placeholder":"Text", "enablesReturnKeyAutomatically":true },
            {  "type":"QEntryElement", "title":"autocapitalizationType", "placeholder":"Words",  "autocapitalizationType":"Words" },
            {  "type":"QEntryElement", "title":"autocorrectionType", "placeholder":"No",  "autocorrectionType":"No" },
            {  "type":"QEntryElement", "title":"keyboardType", "placeholder":"PhonePad",  "keyboardType":"PhonePad" },
            {  "type":"QEntryElement", "title":"keyboardAppearance", "placeholder":"Alert",  "keyboardAppearance":"Alert" },
            {  "type":"QEntryElement", "title":"returnKeyType", "placeholder":"EmergencyCall",  "returnKeyType":"EmergencyCall" },
            {  "type":"QEntryElement", "title":"Disabled", "placeholder":"Disabled",  "enabled":false}
            ]
        } ,
        { "elements":[
            {"type":"QSegmentedElement", "items":["Senna", "Fittipaldi", "Schumacher"], "selected":1}
        ]}
	]

}
