{
    "data": [
        {
            "data": [
                null,
                null,
                30,
                45,
                69,
                70 
            ],
            "title": "Smith" 
        },
        {
            "data": [
                null,
                5,
                10,
                15,
                22,
                30 
            ],
            "title": "Repub" 
        },
        {
            "data": [
                40,
                55,
                56,
                66,
                40,
                -30 
            ],
            "title": "Dem" 
        },
        {
            "data": [
                null,
                89,
                90,
                85,
                60,
                -15 
            ],
            "title": "DDD" 
        },
        {
            "data": [
                66,
                77,
                55,
                33,
                50,
                -6 
            ],
            "title": "EEE" 
        } 
    ],
    "x_labels": [
        2006,
        2007,
        2008,
        2009,
        2010,
        2011 
    ]
}