<?xml version="1.0" encoding="UTF-8"?>
<DocSetNodes version="1.0">
    <TOC>
        <Node type="folder">
            <Name>US2FormValidationFramework</Name>
            <Path>index.html</Path>
			<Subnodes>
                
				
				<Node type="folder">
					<Name>Classes</Name>
					<Path>index.html</Path>
					<Subnodes>
						<NodeRef refid="1"/>
						<NodeRef refid="2"/>
						<NodeRef refid="3"/>
						<NodeRef refid="4"/>
						<NodeRef refid="5"/>
						<NodeRef refid="6"/>
						<NodeRef refid="7"/>
						<NodeRef refid="8"/>
						<NodeRef refid="9"/>
						<NodeRef refid="10"/>
						<NodeRef refid="11"/>
						<NodeRef refid="12"/>
						<NodeRef refid="13"/>
						<NodeRef refid="14"/>
						<NodeRef refid="15"/>
						<NodeRef refid="16"/>
						<NodeRef refid="17"/>
						<NodeRef refid="18"/>
						<NodeRef refid="19"/>
						<NodeRef refid="20"/>
						<NodeRef refid="21"/>
						<NodeRef refid="22"/>
						<NodeRef refid="23"/>
						<NodeRef refid="24"/>
						<NodeRef refid="25"/>
						
					</Subnodes>
				</Node>
				
				
				
				<Node type="folder">
					<Name>Protocols</Name>
					<Path>index.html</Path>
					<Subnodes>
						<NodeRef refid="26"/>
						<NodeRef refid="27"/>
						<NodeRef refid="28"/>
						<NodeRef refid="29"/>
						<NodeRef refid="30"/>
						<NodeRef refid="31"/>
						<NodeRef refid="32"/>
						
					</Subnodes>
				</Node>
				
			</Subnodes>
        </Node>
    </TOC>
	<Library>
		
		<Node id="1">
			<Name>US2Condition</Name>
			<Path>Classes/US2Condition.html</Path>
		</Node>
		<Node id="2">
			<Name>US2ConditionAlphabetic</Name>
			<Path>Classes/US2ConditionAlphabetic.html</Path>
		</Node>
		<Node id="3">
			<Name>US2ConditionAlphanumeric</Name>
			<Path>Classes/US2ConditionAlphanumeric.html</Path>
		</Node>
		<Node id="4">
			<Name>US2ConditionCollection</Name>
			<Path>Classes/US2ConditionCollection.html</Path>
		</Node>
		<Node id="5">
			<Name>US2ConditionEmail</Name>
			<Path>Classes/US2ConditionEmail.html</Path>
		</Node>
		<Node id="6">
			<Name>US2ConditionNumeric</Name>
			<Path>Classes/US2ConditionNumeric.html</Path>
		</Node>
		<Node id="7">
			<Name>US2ConditionPasswordStrength</Name>
			<Path>Classes/US2ConditionPasswordStrength.html</Path>
		</Node>
		<Node id="8">
			<Name>US2ConditionPostcodeUK</Name>
			<Path>Classes/US2ConditionPostcodeUK.html</Path>
		</Node>
		<Node id="9">
			<Name>US2ConditionRange</Name>
			<Path>Classes/US2ConditionRange.html</Path>
		</Node>
		<Node id="10">
			<Name>US2ConditionShorthandURL</Name>
			<Path>Classes/US2ConditionShorthandURL.html</Path>
		</Node>
		<Node id="11">
			<Name>US2ConditionURL</Name>
			<Path>Classes/US2ConditionURL.html</Path>
		</Node>
		<Node id="12">
			<Name>US2Validator</Name>
			<Path>Classes/US2Validator.html</Path>
		</Node>
		<Node id="13">
			<Name>US2ValidatorAlphabetic</Name>
			<Path>Classes/US2ValidatorAlphabetic.html</Path>
		</Node>
		<Node id="14">
			<Name>US2ValidatorAlphanumeric</Name>
			<Path>Classes/US2ValidatorAlphanumeric.html</Path>
		</Node>
		<Node id="15">
			<Name>US2ValidatorEmail</Name>
			<Path>Classes/US2ValidatorEmail.html</Path>
		</Node>
		<Node id="16">
			<Name>US2ValidatorNumeric</Name>
			<Path>Classes/US2ValidatorNumeric.html</Path>
		</Node>
		<Node id="17">
			<Name>US2ValidatorPasswordStrength</Name>
			<Path>Classes/US2ValidatorPasswordStrength.html</Path>
		</Node>
		<Node id="18">
			<Name>US2ValidatorPostcodeUK</Name>
			<Path>Classes/US2ValidatorPostcodeUK.html</Path>
		</Node>
		<Node id="19">
			<Name>US2ValidatorRange</Name>
			<Path>Classes/US2ValidatorRange.html</Path>
		</Node>
		<Node id="20">
			<Name>US2ValidatorShorthandURL</Name>
			<Path>Classes/US2ValidatorShorthandURL.html</Path>
		</Node>
		<Node id="21">
			<Name>US2ValidatorTextField</Name>
			<Path>Classes/US2ValidatorTextField.html</Path>
		</Node>
		<Node id="22">
			<Name>US2ValidatorTextFieldPrivate</Name>
			<Path>Classes/US2ValidatorTextFieldPrivate.html</Path>
		</Node>
		<Node id="23">
			<Name>US2ValidatorTextView</Name>
			<Path>Classes/US2ValidatorTextView.html</Path>
		</Node>
		<Node id="24">
			<Name>US2ValidatorTextViewPrivate</Name>
			<Path>Classes/US2ValidatorTextViewPrivate.html</Path>
		</Node>
		<Node id="25">
			<Name>US2ValidatorURL</Name>
			<Path>Classes/US2ValidatorURL.html</Path>
		</Node>
		
		
		<Node id="26">
			<Name>US2ConditionCollectionProtocol</Name>
			<Path>Protocols/US2ConditionCollectionProtocol.html</Path>
		</Node>
		<Node id="27">
			<Name>US2ConditionProtocol</Name>
			<Path>Protocols/US2ConditionProtocol.html</Path>
		</Node>
		<Node id="28">
			<Name>US2ValidatorProtocol</Name>
			<Path>Protocols/US2ValidatorProtocol.html</Path>
		</Node>
		<Node id="29">
			<Name>US2ValidatorTextFieldPrivateDelegate</Name>
			<Path>Protocols/US2ValidatorTextFieldPrivateDelegate.html</Path>
		</Node>
		<Node id="30">
			<Name>US2ValidatorTextViewPrivateDelegate</Name>
			<Path>Protocols/US2ValidatorTextViewPrivateDelegate.html</Path>
		</Node>
		<Node id="31">
			<Name>US2ValidatorUIDelegate</Name>
			<Path>Protocols/US2ValidatorUIDelegate.html</Path>
		</Node>
		<Node id="32">
			<Name>US2ValidatorUIProtocol</Name>
			<Path>Protocols/US2ValidatorUIProtocol.html</Path>
		</Node>
		
	</Library>
</DocSetNodes>