<?xml version="1.0" encoding="UTF-8"?>
<Tokens version="1.0">
	<File path="Classes/US2ValidatorPostcodeUK.html">
		
		<Token>
			<TokenIdentifier>//apple_ref/occ/cl/US2ValidatorPostcodeUK</TokenIdentifier>
			<Abstract type="html">The UK post code validator contains a UK post code condition (see US2ConditionPostcodeUK.
A valid string does only contain one valid UK post code and up to 8 characters.</Abstract>
			<DeclaredIn>US2ValidatorPostcodeUK.h</DeclaredIn>
			
			<NodeRef refid="18"/>
		</Token>
		
		
	</File>
</Tokens>