<?xml version="1.0" encoding="UTF-8"?>
<Tokens version="1.0">
	<File path="Protocols/US2ValidatorTextFieldPrivateDelegate.html">
		
		<Token>
			<TokenIdentifier>//apple_ref/occ/intf/US2ValidatorTextFieldPrivateDelegate</TokenIdentifier>
			<Abstract type="html">A private delegate protocol which is used by class US2ValidatorTextField and served by internal
class US2ValidatorTextFieldPrivate</Abstract>
			<DeclaredIn>US2ValidatorTextFieldPrivateDelegate.h</DeclaredIn>
			
			<NodeRef refid="29"/>
		</Token>
		
		
		<Token>
			<TokenIdentifier>//apple_ref/occ/intfm/US2ValidatorTextFieldPrivateDelegate/validatorTextFieldPrivate:violatedConditions:</TokenIdentifier>
			<Abstract type="html">Private instance in US2ValidatorTextField which checks the validation process.</Abstract>
			<DeclaredIn>US2ValidatorTextFieldPrivateDelegate.h</DeclaredIn>			
			
			<Declaration>- (void)validatorTextFieldPrivate:(US2ValidatorTextFieldPrivate *)textFieldPrivate violatedConditions:(US2ConditionCollection *)conditions</Declaration>
			<Parameters>
				<Parameter>
					<Name>textFieldPrivate</Name>
					<Abstract type="html">Private instance in US2ValidatorTextField which checks the validation process.</Abstract>
				</Parameter><Parameter>
					<Name>conditions</Name>
					<Abstract type="html">Collection of type US2ConditionCollection listing all violated conditions.</Abstract>
				</Parameter>
			</Parameters>
			
			<Anchor>//api/name/validatorTextFieldPrivate:violatedConditions:</Anchor>
		</Token>
		
		<Token>
			<TokenIdentifier>//apple_ref/occ/intfm/US2ValidatorTextFieldPrivateDelegate/validatorTextFieldPrivateSuccededConditions:</TokenIdentifier>
			<Abstract type="html">Private instance in US2ValidatorTextField which checks the validation process.</Abstract>
			<DeclaredIn>US2ValidatorTextFieldPrivateDelegate.h</DeclaredIn>			
			
			<Declaration>- (void)validatorTextFieldPrivateSuccededConditions:(US2ValidatorTextFieldPrivate *)textFieldPrivate</Declaration>
			<Parameters>
				<Parameter>
					<Name>textFieldPrivate</Name>
					<Abstract type="html">Private instance in US2ValidatorTextField which checks the validation process.</Abstract>
				</Parameter>
			</Parameters>
			
			<Anchor>//api/name/validatorTextFieldPrivateSuccededConditions:</Anchor>
		</Token>
		
	</File>
</Tokens>