<?xml version="1.0" encoding="UTF-8"?>
<Tokens version="1.0">
	<File path="Classes/US2ValidatorRange.html">
		
		<Token>
			<TokenIdentifier>//apple_ref/occ/cl/US2ValidatorRange</TokenIdentifier>
			<Abstract type="html">The range validator checks for string length.</Abstract>
			<DeclaredIn>US2ValidatorRange.h</DeclaredIn>
			
			<NodeRef refid="19"/>
		</Token>
		
		
		<Token>
			<TokenIdentifier>//apple_ref/occ/instm/US2ValidatorRange/setRange:</TokenIdentifier>
			<Abstract type="html">The range to check for.</Abstract>
			<DeclaredIn>US2ValidatorRange.h</DeclaredIn>			
			
			<Declaration>@property (nonatomic, assign) NSRange range</Declaration>
			
			
			<Anchor>//api/name/range</Anchor>
		</Token>
		
		<Token>
			<TokenIdentifier>//apple_ref/occ/instp/US2ValidatorRange/range</TokenIdentifier>
			<Abstract type="html">The range to check for.</Abstract>
			<DeclaredIn>US2ValidatorRange.h</DeclaredIn>			
			
			<Declaration>@property (nonatomic, assign) NSRange range</Declaration>
			
			
			<Anchor>//api/name/range</Anchor>
		</Token>
		
	</File>
</Tokens>