<?xml version="1.0" encoding="UTF-8"?>
<Tokens version="1.0">
	<File path="Classes/US2ValidatorAlphanumeric.html">
		
		<Token>
			<TokenIdentifier>//apple_ref/occ/cl/US2ValidatorAlphanumeric</TokenIdentifier>
			<Abstract type="html">The alphanumeric validator contains an alphanumeric condition (see US2ConditionAlphanumeric.
A valid string does only contain letters and/or numbers.</Abstract>
			<DeclaredIn>US2ValidatorAlphanumeric.h</DeclaredIn>
			
			<NodeRef refid="14"/>
		</Token>
		
		
	</File>
</Tokens>