<?xml version="1.0" encoding="UTF-8"?>
<Tokens version="1.0">
	<File path="Protocols/US2ValidatorUIDelegate.html">
		
		<Token>
			<TokenIdentifier>//apple_ref/occ/intf/US2ValidatorUIDelegate</TokenIdentifier>
			<Abstract type="html">The main delegate protocol which serves the interested instance with information about changed validation states.
The delegate inherits from UITextViewDelegate.</Abstract>
			<DeclaredIn>US2ValidatorUIDelegate.h</DeclaredIn>
			
			<NodeRef refid="31"/>
		</Token>
		
		
		<Token>
			<TokenIdentifier>//apple_ref/occ/intfm/US2ValidatorUIDelegate/validatorUIDidChange:</TokenIdentifier>
			<Abstract type="html">Will be called when the text in the text field changes. Has its origin in listening for UITextFieldTextDidChangeNotification.</Abstract>
			<DeclaredIn>US2ValidatorUIDelegate.h</DeclaredIn>			
			
			<Declaration>- (void)validatorUIDidChange:(id&lt;US2ValidatorUIProtocol&gt;)validatorUI</Declaration>
			<Parameters>
				<Parameter>
					<Name>validatorUI</Name>
					<Abstract type="html">Instance of the sending validator text UI of type US2ValidatorTextField</Abstract>
				</Parameter>
			</Parameters>
			
			<Anchor>//api/name/validatorUIDidChange:</Anchor>
		</Token>
		
		<Token>
			<TokenIdentifier>//apple_ref/occ/intfm/US2ValidatorUIDelegate/validatorUI:changedValidState:</TokenIdentifier>
			<Abstract type="html">Will be called when a status changes from true to false or false to true.</Abstract>
			<DeclaredIn>US2ValidatorUIDelegate.h</DeclaredIn>			
			
			<Declaration>- (void)validatorUI:(id&lt;US2ValidatorUIProtocol&gt;)validatorUI changedValidState:(BOOL)isValid</Declaration>
			<Parameters>
				<Parameter>
					<Name>isValid</Name>
					<Abstract type="html">Returns the status of the validation check</Abstract>
				</Parameter><Parameter>
					<Name>validatorTextView</Name>
					<Abstract type="html">Instance of the sending validator text field of type US2ValidatorTextView</Abstract>
				</Parameter>
			</Parameters>
			
			<Anchor>//api/name/validatorUI:changedValidState:</Anchor>
		</Token>
		
		<Token>
			<TokenIdentifier>//apple_ref/occ/intfm/US2ValidatorUIDelegate/validatorUI:violatedConditions:</TokenIdentifier>
			<Abstract type="html">Will be called if the text field check failed.</Abstract>
			<DeclaredIn>US2ValidatorUIDelegate.h</DeclaredIn>			
			
			<Declaration>- (void)validatorUI:(id&lt;US2ValidatorUIProtocol&gt;)validatorUI violatedConditions:(US2ConditionCollection *)conditions</Declaration>
			<Parameters>
				<Parameter>
					<Name>conditions</Name>
					<Abstract type="html">Collection of type US2ConditionCollection listing all violated conditions.</Abstract>
				</Parameter><Parameter>
					<Name>validatorTextView</Name>
					<Abstract type="html">Instance of the sending validator text field of type US2ValidatorTextView</Abstract>
				</Parameter>
			</Parameters>
			
			<Anchor>//api/name/validatorUI:violatedConditions:</Anchor>
		</Token>
		
	</File>
</Tokens>