<?xml version="1.0" encoding="UTF-8"?>
<Tokens version="1.0">
	<File path="Classes/US2ConditionPasswordStrength.html">
		
		<Token>
			<TokenIdentifier>//apple_ref/occ/cl/US2ConditionPasswordStrength</TokenIdentifier>
			<Abstract type="html">The US2ConditionPasswordStrength checks for the strength of a password string.</Abstract>
			<DeclaredIn>US2ConditionPasswordStrength.h</DeclaredIn>
			
			<NodeRef refid="7"/>
		</Token>
		
		
		<Token>
			<TokenIdentifier>//apple_ref/occ/instm/US2ConditionPasswordStrength/setRequiredStrength:</TokenIdentifier>
			<Abstract type="html"></Abstract>
			<DeclaredIn>US2ConditionPasswordStrength.h</DeclaredIn>			
			
			<Declaration>@property (nonatomic, assign) US2PasswordStrength requiredStrength</Declaration>
			
			
			<Anchor>//api/name/requiredStrength</Anchor>
		</Token>
		
		<Token>
			<TokenIdentifier>//apple_ref/occ/instp/US2ConditionPasswordStrength/requiredStrength</TokenIdentifier>
			<Abstract type="html"></Abstract>
			<DeclaredIn>US2ConditionPasswordStrength.h</DeclaredIn>			
			
			<Declaration>@property (nonatomic, assign) US2PasswordStrength requiredStrength</Declaration>
			
			
			<Anchor>//api/name/requiredStrength</Anchor>
		</Token>
		
	</File>
</Tokens>