<?xml version="1.0" encoding="UTF-8"?>
<Tokens version="1.0">
	<File path="Classes/US2ValidatorTextFieldPrivate.html">
		
		<Token>
			<TokenIdentifier>//apple_ref/occ/cl/US2ValidatorTextFieldPrivate</TokenIdentifier>
			<Abstract type="html">US2ValidatorTextFieldPrivate is a private class within US2ValidatorTextField
and calls the set validator. The result of the validator will be checked and
forwarded to the origin delegate and US2ValidatorTextField.
This private class is needed because the US2ValidatorTextField should not listen
for itself.</Abstract>
			<DeclaredIn>US2ValidatorTextFieldPrivate.h</DeclaredIn>
			
			<NodeRef refid="22"/>
		</Token>
		
		
		<Token>
			<TokenIdentifier>//apple_ref/occ/instm/US2ValidatorTextFieldPrivate/setDelegate:</TokenIdentifier>
			<Abstract type="html">Origin delegate which was set through US2ValidatorTextField and will
be served by this private class US2ValidatorTextFieldPrivate.</Abstract>
			<DeclaredIn>US2ValidatorTextFieldPrivate.h</DeclaredIn>			
			
			<Declaration>@property (nonatomic, assign) id&lt;US2ValidatorUIDelegate,UITextFieldDelegate&gt; delegate</Declaration>
			
			
			<Anchor>//api/name/delegate</Anchor>
		</Token>
		
		<Token>
			<TokenIdentifier>//apple_ref/occ/instp/US2ValidatorTextFieldPrivate/delegate</TokenIdentifier>
			<Abstract type="html">Origin delegate which was set through US2ValidatorTextField and will
be served by this private class US2ValidatorTextFieldPrivate.</Abstract>
			<DeclaredIn>US2ValidatorTextFieldPrivate.h</DeclaredIn>			
			
			<Declaration>@property (nonatomic, assign) id&lt;US2ValidatorUIDelegate,UITextFieldDelegate&gt; delegate</Declaration>
			
			
			<Anchor>//api/name/delegate</Anchor>
		</Token>
		
		<Token>
			<TokenIdentifier>//apple_ref/occ/instm/US2ValidatorTextFieldPrivate/setValidatorTextField:</TokenIdentifier>
			<Abstract type="html">Represents the main validation text field which wants to know what went
wrong when validating in this private class US2ValidatorTextFieldPrivate.
Thus the validation text field is able to change its appearance e.g..</Abstract>
			<DeclaredIn>US2ValidatorTextFieldPrivate.h</DeclaredIn>			
			
			<Declaration>@property (nonatomic, assign) US2ValidatorTextField *validatorTextField</Declaration>
			
			
			<Anchor>//api/name/validatorTextField</Anchor>
		</Token>
		
		<Token>
			<TokenIdentifier>//apple_ref/occ/instp/US2ValidatorTextFieldPrivate/validatorTextField</TokenIdentifier>
			<Abstract type="html">Represents the main validation text field which wants to know what went
wrong when validating in this private class US2ValidatorTextFieldPrivate.
Thus the validation text field is able to change its appearance e.g..</Abstract>
			<DeclaredIn>US2ValidatorTextFieldPrivate.h</DeclaredIn>			
			
			<Declaration>@property (nonatomic, assign) US2ValidatorTextField *validatorTextField</Declaration>
			
			
			<Anchor>//api/name/validatorTextField</Anchor>
		</Token>
		
	</File>
</Tokens>