[ { "imageUrl": "", "imageName": "tmall_icon_cat_fcloth", "subClass": [ { "imageUrl": "", "imageName": "tmall_icon_cat_fcloth_1", "name": "连衣裙", "classID": "50025145" }, { "imageUrl": "", "imageName": "tmall_icon_cat_fcloth_2", "name": "半身裙", "classID": "50025258" }, { "imageUrl": "", "imageName": "tmall_icon_cat_fcloth_3", "name": "蕾丝衫 雪纺衫", "classID": "50025233" }, { "imageUrl": "", "imageName": "tmall_icon_cat_fcloth_4", "name": "针织衫", "classID": "50025783" }, { "imageUrl": "", "imageName": "tmall_icon_cat_fcloth_5", "name": "裤子", "classID": "50025227,50100707,50100708,50100709,50100710,50100711,50025272,50074135,50074136,50074144,50074145,50074154,50074164,50074176" }, { "imageUrl": "", "imageName": "tmall_icon_cat_fcloth_6", "name": "外套", "classID": "50047160,50100556,50025789" }, { "imageUrl": "", "imageName": "tmall_icon_cat_fcloth_7", "name": "内搭", "classID": "50025152,50074134,50074143,50074152,50074161,50074171,50074823" }, { "imageUrl": "", "imageName": "tmall_icon_cat_fcloth_8", "name": "特色服饰", "classID": "50025825,50025806,50025837" }, { "imageUrl": "", "imageName": "tmall_icon_cat_fcloth_9", "name": "婚纱礼服 旗袍", "classID": "50025821" }, { "imageUrl": "", "imageName": "tmall_icon_cat_fcloth_10", "name": "文胸 套装", "classID": "50025991,50025984,50025985" }, { "imageName": "tmall_icon_cat_fcloth_11", "imageUrl": "", "classID": "50096891,50096896,50096898,50096897,50096894,50096895", "name": "睡衣 套装" }, { "imageUrl": "", "imageName": "tmall_icon_cat_fcloth_12", "name": "袜子", "classID": "50095662,50093879" } ], "name": "品牌女装" }, { "imageUrl": "", "imageName": "tmall_icon_cat_mcloth", "subClass": [ { "imageUrl": "", "imageName": "tmall_icon_cat_mcloth_1", "name": "外套", "classID": "50026329,50026333,50037919,50037918,50037917,50026337" }, { "imageUrl": "", "imageName": "tmall_icon_cat_mcloth_2", "name": "T恤 ", "classID": "50105438,50105579" }, { "imageUrl": "", "imageName": "tmall_icon_cat_mcloth_3", "name": "衬衫", "classID": "50105599,50105580,50071526,50076814,50037921,50071478,50071479,50071512,50071513,50044708,50074180" }, { "imageUrl": "", "imageName": "tmall_icon_cat_mcloth_4", "name": "针织衫 毛衣", "classID": "50026268,50071519,50071549" }, { "imageUrl": "", "imageName": "tmall_icon_cat_mcloth_5", "name": "卫衣", "classID": "50026263,50071548,50071484,50074188" }, { "imageUrl": "", "imageName": "tmall_icon_cat_mcloth_6", "name": "裤子", "classID": "50026245,50026259,50074113" }, { "imageUrl": "", "imageName": "tmall_icon_cat_mcloth_7", "name": "西服 ", "classID": "50074112,50076820,50071490,50071520,50074186" }, { "imageUrl": "", "imageName": "tmall_icon_cat_mcloth_8", "name": "特色服装", "classID": "50076793,50100133,50026270,50100135,50076794" }, { "imageUrl": "", "imageName": "tmall_icon_cat_mcloth_9", "name": "设计潮牌", "classID": "50071477" }, { "imageUrl": "", "imageName": "tmall_icon_cat_mcloth_10", "name": "中老年男装", "classID": "50100128" } ], "name": "精品男装" }, { "imageUrl": "", "imageName": "tmall_icon_cat_digital", "subClass": [ { "imageUrl": "", "imageName": "tmall_icon_cat_digital_1", "name": "手机", "classID": "50024400" }, { "imageUrl": "", "imageName": "tmall_icon_cat_digital_2", "name": "数码相机", "classID": "50024402" }, { "imageUrl": "", "imageName": "tmall_icon_cat_digital_3", "name": "笔记本电脑", "classID": "50024399" }, { "imageUrl": "", "imageName": "tmall_icon_cat_digital_4", "name": "整机外设", "classID": "50047396" }, { "imageUrl": "", "imageName": "tmall_icon_cat_digital_5", "name": "平板电脑", "classID": "50047403" }, { "imageUrl": "", "imageName": "tmall_icon_cat_digital_6", "name": "电脑硬件", "classID": "50024406" }, { "imageUrl": "", "imageName": "tmall_icon_cat_digital_7", "name": "MP3 MP4", "classID": "50024439" }, { "imageUrl": "", "imageName": "tmall_icon_cat_digital_8", "name": "3C数码", "classID": "50024407" }, { "imageUrl": "", "imageName": "tmall_icon_cat_digital_9", "name": "U盘存储", "classID": "50099233" }, { "imageUrl": "", "imageName": "tmall_icon_cat_digital_10", "name": "办公设备", "classID": "50024410" }, { "imageUrl": "", "imageName": "tmall_icon_cat_digital_11", "name": "电子词典", "classID": "50094901" } ], "name": "手机数码" }, { "imageUrl": "", "imageName": "tmall_icon_cat_bag", "subClass": [ { "imageUrl": "", "imageName": "tmall_icon_cat_bag_1", "name": "流行男鞋", "classID": "50026637" }, { "imageUrl": "", "imageName": "tmall_icon_cat_bag_2", "name": "时尚女鞋", "classID": "50025829" }, { "imageUrl": "", "imageName": "tmall_icon_cat_bag_3", "name": "单鞋", "classID": "50036330,50036262,50037250" }, { "imageUrl": "", "imageName": "tmall_icon_cat_bag_4", "name": "凉鞋", "classID": "50040639" }, { "imageUrl": "", "imageName": "tmall_icon_cat_bag_5", "name": "高帮鞋", "classID": "50027126,50036263" }, { "imageUrl": "", "imageName": "tmall_icon_cat_bag_6", "name": "休闲男鞋", "classID": "50076895,50106418,50106419,50106420" }, { "imageUrl": "", "imageName": "bag7_female", "name": "女包", "classID": "50097934,50099860,50095656" }, { "imageUrl": "", "imageName": "bag8_male", "name": "男包", "classID": "50095657" }, { "imageUrl": "", "imageName": "bag9_wallet", "name": "钱包卡套", "classID": "50097938" }, { "imageUrl": "", "imageName": "bag10_travell", "name": "旅行箱包", "classID": "50095658" }, { "imageUrl": "", "imageName": "bag11_double", "name": "背包 双肩包", "classID": "50072921,50072925" }, { "imageUrl": "", "imageName": "bag12_L", "name": "奢华箱包", "classID": "50025861" } ], "name": "鞋、箱包" }, { "imageUrl": "", "imageName": "tmall_icon_cat_cosmetic", "subClass": [ { "imageUrl": "", "imageName": "cosmetic1_face", "name": "面部护肤", "classID": "50026502" }, { "imageUrl": "", "imageName": "cosmetic2_mianmo", "name": "面膜", "classID": "50029231" }, { "imageUrl": "", "imageName": "cosmetic3_ruye", "name": "乳液 面霜", "classID": "50029232" }, { "imageUrl": "", "imageName": "cosmetic4_eyes", "name": "眼部护理", "classID": "50031545" }, { "imageUrl": "", "imageName": "cosmetic5_shuangfu", "name": "爽肤水", "classID": "50029230" }, { "imageUrl": "", "imageName": "cosmetic6_caizhuang", "name": "时尚彩妆", "classID": "50026391" }, { "imageUrl": "", "imageName": "cosmetic7_mianbu", "name": "面部精华", "classID": "50031544" }, { "imageUrl": "", "imageName": "cosmetic8_jinyou", "name": "精油芳疗", "classID": "50026505" }, { "imageUrl": "", "imageName": "cosmetic9_perfume", "name": "香水", "classID": "50026393" }, { "imageUrl": "", "imageName": "cosmetic10_body", "name": "身体护理", "classID": "50026504" }, { "imageUrl": "", "imageName": "cosmetic11_men", "name": "男士护肤", "classID": "50026506" }, { "imageUrl": "", "imageName": "cosmetic12_jiafa", "name": "假发 美容工具", "classID": "50026426" } ], "name": "美容护肤" }, { "imageUrl": "", "imageName": "tmall_icon_cat_baby", "subClass": [ { "imageUrl": "", "imageName": "tmall_icon_cat_baby_1", "name": "奶粉", "classID": "50038235" }, { "imageUrl": "", "imageName": "tmall_icon_cat_baby_2", "name": "纸尿裤", "classID": "50024810" }, { "imageUrl": "", "imageName": "tmall_icon_cat_baby_3", "name": "品质童装 ", "classID": "50023647" }, { "imageUrl": "", "imageName": "tmall_icon_cat_baby_4", "name": "可爱童鞋 ", "classID": "50020412,50103016,50102765" }, { "imageUrl": "", "imageName": "tmall_icon_cat_baby_5", "name": "牛初乳", "classID": "50038365" }, { "imageUrl": "", "imageName": "tmall_icon_cat_baby_6", "name": "辅食", "classID": "50025137" }, { "imageUrl": "", "imageName": "tmall_icon_cat_baby_7", "name": "母婴用品", "classID": "50024803" }, { "imageUrl": "", "imageName": "tmall_icon_cat_baby_8", "name": "童车童床", "classID": "50024576" }, { "imageUrl": "", "imageName": "tmall_icon_cat_baby_9", "name": "婴幼玩具", "classID": "50021187" }, { "imageUrl": "", "imageName": "tmall_icon_cat_baby_10", "name": "电动遥控", "classID": "50036745" }, { "imageUrl": "", "imageName": "tmall_icon_cat_baby_11", "name": "防辐射服", "classID": "50102872,50096156,50024574" }, { "imageUrl": "", "imageName": "tmall_icon_cat_baby_12", "name": "孕产妇护肤", "classID": "50102873" } ], "name": "母婴用品" }, { "imageUrl": "", "imageName": "tmall_icon_cat_food", "subClass": [ { "imageUrl": "", "imageName": "food1_drink", "name": "酒类制品", "classID": "50099887" }, { "imageUrl": "", "imageName": "food2_cookie", "name": "糖巧饼干", "classID": "50100153,50100155" }, { "imageUrl": "", "imageName": "food3_meet", "name": "肉类即食", "classID": "50100152,50100156" }, { "imageUrl": "", "imageName": "food4_fruit", "name": "粮油生鲜", "classID": "50100166,50099298,50100167,50099300,50099299,50099681" }, { "imageUrl": "", "imageName": "food5_tea", "name": "茶叶冲饮", "classID": "50099890,50099294,50099888" }, { "imageUrl": "", "imageName": "food6_honey", "name": "蜜饯炒货", "classID": "50100151,50100154" }, { "imageUrl": "", "imageName": "tmall_icon_cat_food_7", "name": "钙片", "classID": "50099591" }, { "imageUrl": "", "imageName": "tmall_icon_cat_food_8", "name": "维生素", "classID": "50095512" }, { "imageUrl": "", "imageName": "tmall_icon_cat_food_9", "name": "螺旋藻", "classID": "50099594" }, { "imageUrl": "", "imageName": "tmall_icon_cat_food_12", "name": "西洋参", "classID": "50072036" } ], "name": "食品保健" }, { "imageUrl": "", "imageName": "tmall_icon_cat_jewelry", "subClass": [ { "imageUrl": "", "imageName": "jewelry_shipin", "name": "饰品", "classID": "50026461" }, { "imageUrl": "", "imageName": "jewelry_watch", "name": "品牌手表", "classID": "50025962" }, { "imageUrl": "", "imageName": "jewelry_zhubao", "name": "珠宝", "classID": "50026473" }, { "imageUrl": "", "imageName": "jewelry_glasses", "name": "眼镜 瑞士军刀", "classID": "50023064" }, { "imageUrl": "", "imageName": "jewelry_xianglian", "name": "项链 项坠", "classID": "50026462" }, { "imageUrl": "", "imageName": "jewelry_handring", "name": "手链 手镯", "classID": "50026463" }, { "imageUrl": "", "imageName": "jewelry_ring", "name": "戒指", "classID": "50026464" }, { "imageUrl": "", "imageName": "jewelry_ershi", "name": "耳饰", "classID": "50026465" }, { "imageUrl": "", "imageName": "jewelry_gold", "name": "黄金", "classID": "50026477" }, { "imageUrl": "", "imageName": "jewelry_diamond", "name": "钻石", "classID": "50026474" }, { "imageUrl": "", "imageName": "jewelry_zippo", "name": "ZIPPO 芝宝", "classID": "50074352" }, { "imageUrl": "", "imageName": "jewelry_sun_glasses", "name": "太阳眼镜", "classID": "50041288" } ], "name": "珠宝饰品" }, { "imageUrl": "", "imageName": "tmall_icon_cat_life", "subClass": [ { "imageUrl": "", "imageName": "home1_bed", "name": "床上用品", "classID": "50096321,50024921,50024935,50025202" }, { "imageUrl": "", "imageName": "home2_four", "name": "四件套", "classID": "50106387,50096321,50096299,50036377,50102082" }, { "imageUrl": "", "imageName": "home3_beizi", "name": "蚕丝被", "classID": "50045520,50097121,50024926,50096363" }, { "imageUrl": "", "imageName": "home4_buyi", "name": "布艺软饰", "classID": "50067928" }, { "imageUrl": "", "imageName": "home5_shipin", "name": "家居饰品", "classID": "50067926" }, { "imageUrl": "", "imageName": "home6_tese", "name": "特色手工艺", "classID": "50067927,50101214" }, { "imageUrl": "", "imageName": "home7_chufang", "name": "厨房用品", "classID": "50036640" }, { "imageUrl": "", "imageName": "home8_clean", "name": "清洁收纳", "classID": "50072436,50071786,50071816,50026018,50102458,50071821,50071813,50071815,50071819,50102457,50071831,50071829,50071834,50096740,50096937,50025226,50098310,50101215" }, { "imageUrl": "", "imageName": "home9_jujia", "name": "居家日用", "classID": "50036568" }, { "imageUrl": "", "imageName": "home10_wash", "name": "个人洗护", "classID": "50043479" }, { "imageUrl": "", "imageName": "home11_pet", "name": "宠物用品", "classID": "50037588,50070319,50030399,50034955,50034368,50034430,50034507,50043523,50093773,50043524,50034496,50034381,50034499,50034500,50097205,50097215,50097214,50097213,50105442,50022363,50022351,50044336,50068272,50095758,50096049,50101129" } ], "name": "居家生活" }, { "imageUrl": "", "imageName": "tmall_icon_cat_car", "subClass": [ { "imageUrl": "", "imageName": "tmall_icon_cat_car_1", "name": "全新整车", "classID": "50043491,50106135" }, { "imageUrl": "", "imageName": "tmall_icon_cat_car_2", "name": "精品内饰", "classID": "50029838" }, { "imageUrl": "", "imageName": "tmall_icon_cat_car_3", "name": "外饰装潢", "classID": "50029840,50043907,50070329,50035354,50022411,50037617 " }, { "imageUrl": "", "imageName": "tmall_icon_cat_car_4", "name": "骑士装备", "classID": "50074543" }, { "imageUrl": "", "imageName": "tmall_icon_cat_car_5", "name": "GPS导航", "classID": "50029836,50030081,50069777,50069779,50101150" }, { "imageUrl": "", "imageName": "tmall_icon_cat_car_6", "name": "车载电器", "classID": "50030095,50030098,50030092,50030101,50030103,50030093,50030106,50070349,50070350,50070354,50030057,50076261,50106000 " }, { "imageUrl": "", "imageName": "tmall_icon_cat_car_7", "name": "车载影音", "classID": "50029851" }, { "imageUrl": "", "imageName": "tmall_icon_cat_car_8", "name": "清洁美容", "classID": "50070366,50029847,50035392,50030122" }, { "imageUrl": "", "imageName": "tmall_icon_cat_car_9", "name": "保养用品", "classID": "50070386,50035403,50076263" }, { "imageUrl": "", "imageName": "tmall_icon_cat_car_10", "name": "配件改装", "classID": "50029835 " }, { "imageUrl": "", "imageName": "tmall_icon_cat_car_11", "name": "维修工具", "classID": "50099587,50068745,50068752,50068753,50068754,50068755,50068756" }, { "imageUrl": "", "imageName": "tmall_icon_cat_car_12", "name": "车辆防盗", "classID": "50069267" } ], "name": "汽车配件" }, { "imageUrl": "", "imageName": "tmall_icon_cat_outing", "subClass": [ { "imageUrl": "", "imageName": "tmall_icon_cat_outing_1", "name": "运动鞋", "classID": "50020909," }, { "imageUrl": "", "imageName": "tmall_icon_cat_outing_2", "name": "运动服", "classID": "50101393,50101396,50101399,50101400,50101369,50101372,50101373,50101374,50101375" }, { "imageUrl": "", "imageName": "tmall_icon_cat_outing_3", "name": "运动 瑜伽健身", "classID": "50043669,50105005,50105006,50105007,50105008,50074956,50074957,50074958,50022358,50025635,50044285,50095741,50095750,50096037,50102689" }, { "imageUrl": "", "imageName": "tmall_icon_cat_outing_4", "name": "跑步鞋", "classID": "50023743,50101198" }, { "imageUrl": "", "imageName": "tmall_icon_cat_outing_5", "name": "篮球鞋", "classID": "50023744,50101196" }, { "imageUrl": "", "imageName": "tmall_icon_cat_outing_6", "name": "运动外套", "classID": "50031442,50031443" }, { "imageUrl": "", "imageName": "tmall_icon_cat_outing_7", "name": "跑步机", "classID": "50104412" }, { "imageUrl": "", "imageName": "tmall_icon_cat_outing_8", "name": "泳衣", "classID": "50106524,50105011,50106525,50106478,50106479,50074959,50098344,50098345,50101152,50103404" }, { "imageUrl": "", "imageName": "tmall_icon_cat_outing_9", "name": "户外鞋袜", "classID": "50105969,50105916,50031407,50031427,50031426,50031431,50105983" }, { "imageUrl": "", "imageName": "tmall_icon_cat_outing_10", "name": "户外服装", "classID": "50105900,50102361" }, { "imageUrl": "", "imageName": "tmall_icon_cat_outing_11", "name": "户外装备", "classID": "50096745,50023775,50105917,50105928,50096869,50105925,50105918,50106378" }, { "imageUrl": "", "imageName": "tmall_icon_cat_outing_12", "name": "登山 野营旅行", "classID": "50022787" } ], "name": "运动户外" }, { "imageUrl": "", "imageName": "tmall_icon_cat_electrical", "subClass": [ { "imageUrl": "", "imageName": "tmall_icon_cat_electrical_1", "name": "影音电器", "classID": "50026437,50102570,50026527,50026596" }, { "imageUrl": "", "imageName": "tmall_icon_cat_electrical_2", "name": "大家电", "classID": "50065128,50100549" }, { "imageUrl": "", "imageName": "tmall_icon_cat_electrical_3", "name": "生活电器", "classID": "50026440" }, { "imageUrl": "", "imageName": "tmall_icon_cat_electrical_4", "name": "厨房电器", "classID": "50026439" }, { "imageUrl": "", "imageName": "tmall_icon_cat_electrical_5", "name": "个人护理", "classID": "50025047,50032858" } ], "name": "家用电器" }, { "imageUrl": "", "imageName": "tmall_icon_cat_furniture", "subClass": [ { "imageUrl": "", "imageName": "tmall_icon_cat_furniture_1", "name": "床品", "classID": "50024921,50024935,50025202,50025203,50025001,50102865,50024669,50024762,50034882,50034879,50045512,50045518,50096321," }, { "imageUrl": "", "imageName": "tmall_icon_cat_furniture_2", "name": "桌几", "classID": "50030801,50036140,50067221" }, { "imageUrl": "", "imageName": "tmall_icon_cat_furniture_3", "name": "椅凳塌", "classID": "50036186,50036070" }, { "imageUrl": "", "imageName": "tmall_icon_cat_furniture_4", "name": "沙发", "classID": "50067174,50036146,50036087,50036183,50036184,50036175,50030880,5003604,50096389,50096410,50025201,5003644,50071153,50034413,50094653,5009467,50096258,50096259,50096267,5010112,50106504" }, { "imageUrl": "", "imageName": "tmall_icon_cat_furniture_5", "name": "办公家具", "classID": "50036140,50036112,50025237,50030787" }, { "imageUrl": "", "imageName": "tmall_icon_cat_furniture_6", "name": "柜类", "classID": "50030789,50067206" }, { "imageUrl": "", "imageName": "tmall_icon_cat_furniture_7", "name": "架类", "classID": "50036118," }, { "imageUrl": "", "imageName": "tmall_icon_cat_furniture_8", "name": "其他", "classID": "50067235,50036077,50036024,50030800,50030802,50036057,50096309" }, { "imageUrl": "", "imageName": "jiaju9_chuwei", "name": "厨卫装修", "classID": "50030207" }, { "imageUrl": "", "imageName": "tmall_icon_cat_furniture_10", "name": "灯饰照明", "classID": "50051691" }, { "imageUrl": "", "imageName": "jiaju11_diangong", "name": "电工基建", "classID": "50067923" }, { "imageUrl": "", "imageName": "jiaju12_qiang", "name": "墙地面材料", "classID": "50030212" } ], "name": "家具建材" }, { "imageUrl": "", "imageName": "tmall_icon_cat_culture", "subClass": [ { "imageUrl": "", "imageName": "tmall_icon_cat_culture_1", "name": "餐饮美食", "classID": "50045004" }, { "imageUrl": "", "imageName": "tmall_icon_cat_culture_2", "name": "摄影写真", "classID": "50044968,50101897" }, { "imageUrl": "", "imageName": "tmall_icon_cat_culture_3", "name": "美容美发", "classID": "50102362,50025048,50044335 " }, { "imageUrl": "", "imageName": "tmall_icon_cat_culture_4", "name": "电影票", "classID": "50075010,50075011,50044919" }, { "imageUrl": "", "imageName": "tmall_icon_cat_culture_5", "name": "体育赛事", "classID": "50044950,50075013,50075015 " }, { "imageUrl": "", "imageName": "tmall_icon_cat_culture_6", "name": "图书杂志", "classID": "50021913" }, { "imageUrl": "", "imageName": "tmall_icon_cat_culture_7", "name": "音像制品", "classID": "50021872" }, { "imageUrl": "", "imageName": "wenhua8_flower", "name": "鲜花速递", "classID": "50024897,50024899" }, { "imageUrl": "", "imageName": "wenhua9_gexing", "name": "个性定制", "classID": "50097683,50037753,50037761" }, { "imageUrl": "", "imageName": "", "name": "", "classID": "" }, { "imageUrl": "", "imageName": "", "name": "", "classID": "" }, { "imageUrl": "", "imageName": "", "name": "", "classID": "" } ], "name": "文化娱乐" } ]