[
  [
    {
	    "name":"rsi6",
		"label":"RSI6",
		"type":"line",
		"section":"2",
		"yAxis":"0",
		"color":"255,255,255",
		"negativeColor":"255,255,255",
		"selectedColor":"255,255,255",
		"negativeSelectedColor":"255,255,255"
    },
	{
	    "name":"rsi12",
		"label":"RSI12",
		"type":"line",
		"section":"2",
		"yAxis":"0",
		"color":"250,232,115",
		"negativeColor":"250,232,115",
		"selectedColor":"250,232,115",
		"negativeSelectedColor":"250,232,115"
    }
  ],
  [
    {
	    "name":"kdj_k",
		"label":"KDJ(9,3,3)",
		"type":"line",
		"section":"2",
		"yAxis":"0",
		"color":"255,255,255",
		"negativeColor":"255,255,255",
		"selectedColor":"255,255,255",
		"negativeSelectedColor":"255,255,255"
    },
	{
	    "name":"kdj_d",
		"label":"D",
		"type":"line",
		"section":"2",
		"yAxis":"0",
		"color":"250,232,115",
		"negativeColor":"250,232,115",
		"selectedColor":"250,232,115",
		"negativeSelectedColor":"250,232,115"
    },
	{
	    "name":"kdj_j",
		"label":"J",
		"type":"line",
		"section":"2",
		"yAxis":"0",
		"color":"232,115,250",
		"negativeColor":"232,115,250",
		"selectedColor":"232,115,250",
		"negativeSelectedColor":"232,115,250"
    }
  ],
  {
	    "name":"wr",
		"label":"WR",
		"type":"area",
		"section":"2",
		"yAxis":"0",
         "color":"250,232,115",
         "negativeColor":"250,232,115",
         "selectedColor":"250,232,115",
         "negativeSelectedColor":"250,232,115"
  },
  {
	    "name":"vr",
		"label":"VR",
		"type":"line",
		"section":"2",
		"yAxis":"0",
		"color":"255,255,255",
		"negativeColor":"255,255,255",
		"selectedColor":"255,255,255",
		"negativeSelectedColor":"255,255,255"
  }
]