[
{ "country": "India", "name": "Republic Day", "date": "2009-01-26" }
, { "country": "India", "name": "Maha Shivratri", "date": "2009-02-23" }
, { "country": "India", "name": "Holi", "date": "2009-03-11" }
, { "country": "India", "name": "Mahavir Jayanthi", "date": "2009-04-07" }
, { "country": "India", "name": "Good Friday", "date": "2009-04-10" }
, { "country": "India", "name": "May Day", "date": "2009-05-01" }
, { "country": "India", "name": "Buddha Purnima", "date": "2009-05-08" }
, { "country": "India", "name": "Krishna Janmastami", "date": "2009-08-14" }
, { "country": "India", "name": "Independence Day", "date": "2009-08-15" }
, { "country": "India", "name": "Ganesh Chaturthi", "date": "2009-08-23" }
, { "country": "India", "name": "Id-Ul-Fitr", "date": "2009-09-21" }
, { "country": "India", "name": "Vijaya Dashami", "date": "2009-09-28" }
, { "country": "India", "name": "Mahatma Gandhi Jayanti", "date": "2009-10-02" }
, { "country": "India", "name": "Diwali", "date": "2009-10-17" }
, { "country": "India", "name": "Guru Nanak Jayanthi", "date": "2009-11-02" }
, { "country": "India", "name": "Christmas", "date": "2009-12-25" }
, { "country": "USA", "name": "New Years Day", "date": "2009-01-01" }
, { "country": "USA", "name": "Martin Luther King Day", "date": "2009-01-19" }
, { "country": "USA", "name": "Washingtons Birthday", "date": "2009-02-16" }
, { "country": "USA", "name": "Memorial Day", "date": "2009-05-25" }
, { "country": "USA", "name": "Independence Day", "date": "2009-07-04" }
, { "country": "USA", "name": "Labor Day", "date": "2009-09-07" }
, { "country": "USA", "name": "Columbus Day", "date": "2009-10-12" }
, { "country": "USA", "name": "Veterans Day", "date": "2009-11-11" }
, { "country": "USA", "name": "Thanksgiving Day", "date": "2009-11-26" }
, { "country": "USA", "name": "Christmas Day", "date": "2009-12-25" }
, { "country": "UK", "name": "New Years Day", "date": "2009-01-01" }
, { "country": "UK", "name": "Good Friday", "date": "2009-04-10" }
, { "country": "UK", "name": "Early May", "date": "2009-05-04" }
, { "country": "UK", "name": "Spring Bank Holiday", "date": "2009-05-25" }
, { "country": "UK", "name": "Summer Bank Holiday", "date": "2009-08-31" }
, { "country": "UK", "name": "Christmas Day", "date": "2009-12-25" }
, { "country": "UK", "name": "Boxing Day", "date": "2009-12-26" }
, { "country": "UK", "name": "Bank Holiday", "date": "2009-12-28" }
, { "country": "Japan", "name": "New Years Day", "date": "2009-01-01" }
, { "country": "Japan", "name": "Coming of age day", "date": "2009-01-12" }
, { "country": "Japan", "name": "National Foundation day", "date": "2009-02-11" }
, { "country": "Japan", "name": "Vernal Equiniox day", "date": "2009-03-20" }
, { "country": "Japan", "name": "Showa day", "date": "2009-04-29" }
, { "country": "Japan", "name": "Constitution Memorial Day", "date": "2009-05-03" }
, { "country": "Japan", "name": "Greenery day", "date": "2009-05-04" }
, { "country": "Japan", "name": "Childrens Day", "date": "2009-05-05" }
, { "country": "Japan", "name": "Marine Day", "date": "2009-07-20" }
, { "country": "Japan", "name": "Respect for the aged Day", "date": "2009-09-21" }
, { "country": "Japan", "name": "Bridge Public Holiday", "date": "2009-09-22" }
, { "country": "Japan", "name": "Autumnal Equiniox day", "date": "2009-09-23" }
, { "country": "Japan", "name": "Health and Sports Day", "date": "2009-10-12" }
, { "country": "Japan", "name": "Culture Day", "date": "2009-11-03" }
, { "country": "Japan", "name": "Labour Thanksgiving Day", "date": "2009-11-23" }
, { "country": "Japan", "name": "The Emperors Birthday", "date": "2009-12-23" }
, { "country": "China", "name": "New Years Day", "date": "2009-01-01" }
, { "country": "China", "name": "Chinese Lunar New Year", "date": "2009-01-25" }
, { "country": "China", "name": "Chinese Lunar New Year", "date": "2009-01-26" }
, { "country": "China", "name": "Chinese Lunar New Year", "date": "2009-01-27" }
, { "country": "China", "name": "Qing Ming Festival", "date": "2009-04-06" }
, { "country": "China", "name": "Labor Day", "date": "2009-05-01" }
, { "country": "China", "name": "Dragon Boat Festival", "date": "2009-05-28" }
, { "country": "China", "name": "National Day", "date": "2009-10-01" }
, { "country": "China", "name": "National Day", "date": "2009-10-02" }
, { "country": "China", "name": "National Day", "date": "2009-10-03" }
, { "country": "China", "name": "Mid-Autumn Festival", "date": "2009-10-03" }
, { "country": "Singapore", "name": "New Years Day", "date": "2009-01-01" }
, { "country": "Singapore", "name": "Chinese New Year", "date": "2009-01-26" }
, { "country": "Singapore", "name": "Chinese New Year", "date": "2009-01-27" }
, { "country": "Singapore", "name": "Good Friday", "date": "2009-04-10" }
, { "country": "Singapore", "name": "Labour Day", "date": "2009-05-01" }
, { "country": "Singapore", "name": "Vesak Day", "date": "2009-05-09" }
, { "country": "Singapore", "name": "National Day", "date": "2009-08-09" }
, { "country": "Singapore", "name": "Hari Raya Puasa", "date": "2009-09-21" }
, { "country": "Singapore", "name": "Deepavali", "date": "2009-11-17" }
, { "country": "Singapore", "name": "Hari Raya Haji", "date": "2009-11-27" }
, { "country": "Singapore", "name": "Christmas", "date": "2009-12-25" }
, { "country": "South Africa", "name": "New Years Day", "date": "2009-01-01" }
, { "country": "South Africa", "name": "Human Rights Day", "date": "2009-03-21" }
, { "country": "South Africa", "name": "Good Friday", "date": "2009-04-10" }
, { "country": "South Africa", "name": "Family Day", "date": "2009-04-13" }
, { "country": "South Africa", "name": "Freedom Day", "date": "2009-04-27" }
, { "country": "South Africa", "name": "Workers Day", "date": "2009-05-01" }
, { "country": "South Africa", "name": "Youth Day", "date": "2009-06-16" }
, { "country": "South Africa", "name": "National Womens Day", "date": "2009-08-10" }
, { "country": "South Africa", "name": "Heritage Day", "date": "2009-09-24" }
, { "country": "South Africa", "name": "Day of Reconciliation", "date": "2009-12-16" }
, { "country": "South Africa", "name": "Christmas Day", "date": "2009-12-25" }
, { "country": "South Africa", "name": "Day of Goodwill", "date": "2009-12-26" }
, { "country": "Italy", "name": "New Years Day", "date": "2009-01-01" }
, { "country": "Italy", "name": "Epiphany", "date": "2009-01-06" }
, { "country": "Italy", "name": "Easter", "date": "2009-04-12" }
, { "country": "Italy", "name": "Easter Monday", "date": "2009-04-13" }
, { "country": "Italy", "name": "Anniversary of Liberation", "date": "2009-04-25" }
, { "country": "Italy", "name": "Labour Day", "date": "2009-05-01" }
, { "country": "Italy", "name": "Republic Day", "date": "2009-06-02" }
, { "country": "Italy", "name": "Assumption Day", "date": "2009-08-15" }
, { "country": "Italy", "name": "All Saints", "date": "2009-11-01" }
, { "country": "Italy", "name": "Immaculate Conception", "date": "2009-12-08" }
, { "country": "Italy", "name": "Christmas Day", "date": "2009-12-25" }
, { "country": "Italy", "name": "St Stephens Day", "date": "2009-12-26" }
, { "country": "France", "name": "New Years Day", "date": "2009-01-01" }
, { "country": "France", "name": "Easter", "date": "2009-04-12" }
, { "country": "France", "name": "Easter Monday", "date": "2009-04-13" }
, { "country": "France", "name": "V-E Day", "date": "2009-04-25" }
, { "country": "France", "name": "Labour Day", "date": "2009-05-01" }
, { "country": "France", "name": "Ascension Day", "date": "2009-05-21" }
, { "country": "France", "name": "Pentecost", "date": "2009-05-31" }
, { "country": "France", "name": "Whit Monday", "date": "2009-06-01" }
, { "country": "France", "name": "Bastille Day", "date": "2009-07-14" }
, { "country": "France", "name": "Assumption of Mary", "date": "2009-08-15" }
, { "country": "France", "name": "All Saints Day", "date": "2009-11-01" }
, { "country": "France", "name": "Armistice Day", "date": "2009-11-11" }
, { "country": "France", "name": "Christmas Day", "date": "2009-12-25" }
, { "country": "India", "name": "Republic Day", "date": "2010-01-26" }
, { "country": "India", "name": "Maha Shivratri", "date": "2010-02-12" }
, { "country": "India", "name": "Holi", "date": "2010-02-28" }
, { "country": "India", "name": "Mahavir Jayanthi", "date": "2010-03-28" }
, { "country": "India", "name": "Good Friday", "date": "2010-04-02" }
, { "country": "India", "name": "May Day", "date": "2010-05-01" }
, { "country": "India", "name": "Buddha Purnima", "date": "2010-05-27" }
, { "country": "India", "name": "Krishna Janmastami", "date": "2010-09-02" }
, { "country": "India", "name": "Independence Day", "date": "2010-08-15" }
, { "country": "India", "name": "Ganesh Chaturthi", "date": "2010-09-11" }
, { "country": "India", "name": "Id-Ul-Fitr", "date": "2010-09-10" }
, { "country": "India", "name": "Vijaya Dashami", "date": "2010-10-17" }
, { "country": "India", "name": "Mahatma Gandhi Jayanti", "date": "2010-10-02" }
, { "country": "India", "name": "Diwali", "date": "2010-11-05" }
, { "country": "India", "name": "Guru Nanak Jayanthi", "date": "2010-11-21" }
, { "country": "India", "name": "Christmas", "date": "2010-12-25" }
, { "country": "USA", "name": "New Years Day", "date": "2010-01-01" }
, { "country": "USA", "name": "Martin Luther King Day", "date": "2010-01-18" }
, { "country": "USA", "name": "Washingtons Birthday", "date": "2010-02-15" }
, { "country": "USA", "name": "Memorial Day", "date": "2010-05-31" }
, { "country": "USA", "name": "Independence Day", "date": "2010-07-04" }
, { "country": "USA", "name": "Labor Day", "date": "2010-09-06" }
, { "country": "USA", "name": "Columbus Day", "date": "2010-10-11" }
, { "country": "USA", "name": "Veterans Day", "date": "2010-11-11" }
, { "country": "USA", "name": "Thanksgiving Day", "date": "2010-11-25" }
, { "country": "USA", "name": "Christmas Day", "date": "2010-12-25" }
, { "country": "UK", "name": "New Years Day", "date": "2010-01-01" }
, { "country": "UK", "name": "Good Friday", "date": "2010-04-02" }
, { "country": "UK", "name": "Early May", "date": "2010-05-03" }
, { "country": "UK", "name": "Spring Bank Holiday", "date": "2010-05-31" }
, { "country": "UK", "name": "Summer Bank Holiday", "date": "2010-08-30" }
, { "country": "UK", "name": "Christmas Day", "date": "2010-12-25" }
, { "country": "UK", "name": "Boxing Day", "date": "2010-12-26" }
, { "country": "UK", "name": "Bank Holiday", "date": "2010-12-27" }
, { "country": "Japan", "name": "New Years Day", "date": "2010-01-01" }
, { "country": "Japan", "name": "Coming of age day", "date": "2010-01-11" }
, { "country": "Japan", "name": "National Foundation day", "date": "2010-02-11" }
, { "country": "Japan", "name": "Vernal Equiniox day", "date": "2010-03-21" }
, { "country": "Japan", "name": "Showa day", "date": "2010-04-29" }
, { "country": "Japan", "name": "Constitution Memorial Day", "date": "2010-05-03" }
, { "country": "Japan", "name": "Greenery day", "date": "2010-05-04" }
, { "country": "Japan", "name": "Childrens Day", "date": "2010-05-05" }
, { "country": "Japan", "name": "Marine Day", "date": "2010-07-19" }
, { "country": "Japan", "name": "Respect for the aged Day", "date": "2010-09-20" }
, { "country": "Japan", "name": "Bridge Public Holiday", "date": "2010-09-23" }
, { "country": "Japan", "name": "Autumnal Equiniox day", "date": "2010-09-23" }
, { "country": "Japan", "name": "Health and Sports Day", "date": "2010-10-11" }
, { "country": "Japan", "name": "Culture Day", "date": "2010-11-23" }
, { "country": "Japan", "name": "Labour Thanksgiving Day", "date": "2010-11-23" }
, { "country": "Japan", "name": "The Emperors Birthday", "date": "2010-12-23" }
, { "country": "China", "name": "New Years Day", "date": "2010-01-01" }
, { "country": "China", "name": "Chinese Lunar New Year", "date": "2010-02-13" }
, { "country": "China", "name": "Chinese Lunar New Year", "date": "2010-02-14" }
, { "country": "China", "name": "Chinese Lunar New Year", "date": "2010-02-15" }
, { "country": "China", "name": "Qing Ming Festival", "date": "2010-04-05" }
, { "country": "China", "name": "Labor Day", "date": "2010-05-01" }
, { "country": "China", "name": "Dragon Boat Festival", "date": "2010-06-16" }
, { "country": "China", "name": "National Day", "date": "2010-10-01" }
, { "country": "China", "name": "National Day", "date": "2010-10-02" }
, { "country": "China", "name": "National Day", "date": "2010-10-03" }
, { "country": "China", "name": "Mid-Autumn Festival", "date": "2010-09-22" }
, { "country": "Singapore", "name": "New Years Day", "date": "2010-01-01" }
, { "country": "Singapore", "name": "Chinese New Year", "date": "2010-02-15" }
, { "country": "Singapore", "name": "Chinese New Year", "date": "2010-02-16" }
, { "country": "Singapore", "name": "Good Friday", "date": "2010-04-02" }
, { "country": "Singapore", "name": "Labour Day", "date": "2010-05-01" }
, { "country": "Singapore", "name": "Vesak Day", "date": "2010-05-28" }
, { "country": "Singapore", "name": "National Day", "date": "2010-08-09" }
, { "country": "Singapore", "name": "Hari Raya Puasa", "date": "2010-09-10" }
, { "country": "Singapore", "name": "Deepavali", "date": "2010-11-05" }
, { "country": "Singapore", "name": "Hari Raya Haji", "date": "2010-11-17" }
, { "country": "Singapore", "name": "Christmas", "date": "2010-12-25" }
, { "country": "South Africa", "name": "New Years Day", "date": "2010-01-01" }
, { "country": "South Africa", "name": "Human Rights Day", "date": "2010-03-22" }
, { "country": "South Africa", "name": "Good Friday", "date": "2010-04-02" }
, { "country": "South Africa", "name": "Family Day", "date": "2010-04-05" }
, { "country": "South Africa", "name": "Freedom Day", "date": "2010-04-27" }
, { "country": "South Africa", "name": "Workers Day", "date": "2010-05-01" }
, { "country": "South Africa", "name": "Youth Day", "date": "2010-06-16" }
, { "country": "South Africa", "name": "National Womens Day", "date": "2010-08-09" }
, { "country": "South Africa", "name": "Heritage Day", "date": "2010-09-24" }
, { "country": "South Africa", "name": "Day of Reconciliation", "date": "2010-12-16" }
, { "country": "South Africa", "name": "Christmas Day", "date": "2010-12-25" }
, { "country": "South Africa", "name": "Day of Goodwill", "date": "2010-12-27" }
, { "country": "Italy", "name": "New Years Day", "date": "2010-01-01" }
, { "country": "Italy", "name": "Epiphany", "date": "2010-01-06" }
, { "country": "Italy", "name": "Easter", "date": "2010-04-04" }
, { "country": "Italy", "name": "Easter Monday", "date": "2010-04-05" }
, { "country": "Italy", "name": "Anniversary of Liberation", "date": "2010-04-25" }
, { "country": "Italy", "name": "Labour Day", "date": "2010-05-01" }
, { "country": "Italy", "name": "Republic Day", "date": "2010-06-02" }
, { "country": "Italy", "name": "Assumption Day", "date": "2010-08-15" }
, { "country": "Italy", "name": "All Saints", "date": "2010-11-01" }
, { "country": "Italy", "name": "Immaculate Conception", "date": "2010-12-08" }
, { "country": "Italy", "name": "Christmas Day", "date": "2010-12-25" }
, { "country": "Italy", "name": "St Stephens Day", "date": "2010-12-26" }
, { "country": "France", "name": "New Years Day", "date": "2010-01-01" }
, { "country": "France", "name": "Easter", "date": "2010-04-04" }
, { "country": "France", "name": "Easter Monday", "date": "2010-04-05" }
, { "country": "France", "name": "V-E Day", "date": "2010-04-25" }
, { "country": "France", "name": "Labour Day", "date": "2010-05-01" }
, { "country": "France", "name": "Ascension Day", "date": "2010-05-13" }
, { "country": "France", "name": "Pentecost", "date": "2010-05-23" }
, { "country": "France", "name": "Whit Monday", "date": "2010-05-24" }
, { "country": "France", "name": "Bastille Day", "date": "2010-07-14" }
, { "country": "France", "name": "Assumption of Mary", "date": "2010-08-15" }
, { "country": "France", "name": "All Saints Day", "date": "2010-11-01" }
, { "country": "France", "name": "Armistice Day", "date": "2010-11-11" }
, { "country": "France", "name": "Christmas Day", "date": "2010-12-25" }
, { "country": "USA", "name": "New Year Day", "date": "2011-01-01" }
, { "country": "USA", "name": "Martin Luther King Jr. Day", "date": "2011-01-17" }
, { "country": "USA", "name": "Groundhog Day", "date": "2011-02-02" }
, { "country": "USA", "name": "Super Bowl Sunday", "date": "2011-02-06" }
, { "country": "USA", "name": "Valentines Day", "date": "2011-02-14" }
, { "country": "USA", "name": "Washingtons Birthday", "date": "2011-02-21" }
, { "country": "USA", "name": "Ash Wednesday", "date": "2011-03-09" }
, { "country": "USA", "name": "St. Patrick Day", "date": "2011-03-17" }
, { "country": "USA", "name": "April Fools Day", "date": "2011-04-01" }
, { "country": "USA", "name": "Good Friday", "date": "2011-04-22" }
, { "country": "USA", "name": "Earth Day", "date": "2011-04-22" }
, { "country": "USA", "name": "Easter", "date": "2011-04-24" }
, { "country": "USA", "name": "Arbor Day", "date": "2011-04-29" }
, { "country": "USA", "name": "Cinco de Mayo", "date": "2011-05-05" }
, { "country": "USA", "name": "Mothers Day", "date": "2011-05-08" }
, { "country": "USA", "name": "Memorial Day", "date": "2011-05-30" }
, { "country": "USA", "name": "Flag Day", "date": "2011-06-14" }
, { "country": "USA", "name": "Fathers Day", "date": "2011-06-19" }
, { "country": "USA", "name": "US Independence Day", "date": "2011-07-04" }
, { "country": "USA", "name": "Womens Equality Day", "date": "2011-08-26" }
, { "country": "USA", "name": "Workers or Labour Day", "date": "2011-09-05" }
, { "country": "USA", "name": "Patriot Day", "date": "2011-09-11" }
, { "country": "USA", "name": "Constitution Day", "date": "2011-09-17" }
, { "country": "USA", "name": "Rosh Hashanah or Jewish New Year", "date": "2011-09-28" }
, { "country": "USA", "name": "Yom Kippur or Day of Atonement", "date": "2011-10-07" }
, { "country": "USA", "name": "Leif Erikson Day", "date": "2011-10-09" }
, { "country": "USA", "name": "Columbus Day", "date": "2011-10-10" }
, { "country": "USA", "name": "Halloween", "date": "2011-10-31" }
, { "country": "USA", "name": "Election Day", "date": "2011-11-01" }
, { "country": "USA", "name": "Veterans Day", "date": "2011-11-11" }
, { "country": "USA", "name": "Thanksgiving Day", "date": "2011-11-24" }
, { "country": "USA", "name": "Pearl Harbor Remembrance Day", "date": "2011-12-07" }
, { "country": "USA", "name": "Hanukkah", "date": "2011-12-20" }
, { "country": "USA", "name": "Winter solstice", "date": "2011-12-21" }
, { "country": "USA", "name": "Christmas Eve", "date": "2011-12-24" }
, { "country": "USA", "name": "Christmas Day", "date": "2011-12-25" }
, { "country": "USA", "name": "Kwanzaa", "date": "2011-12-26" }
, { "country": "USA", "name": "New Year Eve", "date": "2011-12-31" }
]
